{"server":{"listen_ip":"0.0.0.0","listen_port":9501,"socket_type":1,"enable_coroutine_runtime":false,"server":"LaravelS","handle_static":false,"laravel_base_path":"/data/www/dbger","inotify_reload":{"enable":false,"watch_path":"/data/www/dbger","file_types":[".php"],"excluded_dirs":[],"log":true},"event_handlers":[],"websocket":{"enable":false,"handler":"App\\Services\\WebSocketService"},"sockets":[],"processes":[],"timer":{"enable":false,"jobs":[],"max_wait_time":5},"events":[],"swoole_tables":[],"register_providers":[],"cleaners":[],"destroy_controllers":{"enable":false,"excluded_list":[]},"swoole":{"daemonize":false,"dispatch_mode":2,"reactor_num":2,"worker_num":2,"task_ipc_mode":1,"task_max_request":8000,"task_tmpdir":"/dev/shm","max_request":8000,"open_tcp_nodelay":true,"pid_file":"/data/www/dbger/storage/laravels.pid","log_file":"/data/www/dbger/storage/logs/swoole-2019-10.log","log_level":4,"document_root":"/data/www/dbger/public","buffer_output_size":2097152,"socket_buffer_size":134217728,"package_max_length":4194304,"reload_async":true,"max_wait_time":60,"enable_reuse_port":true,"enable_coroutine":false,"http_compression":false,"heartbeat_idle_time":600,"heartbeat_check_interval":60},"enable_gzip":false,"process_prefix":"/data/www/dbger","ignore_check_pid":false},"laravel":{"root_path":"/data/www/dbger","static_path":"/data/www/dbger/public","cleaners":[],"register_providers":[],"destroy_controllers":{"enable":false,"excluded_list":[]},"is_lumen":false,"_SERVER":{"PHP_EXTRA_CONFIGURE_ARGS":"--enable-fpm --with-fpm-user=www-data --with-fpm-group=www-data --disable-cgi","HOSTNAME":"2474f4554818","PHP_INI_DIR":"/usr/local/etc/php","SHLVL":"1","HOME":"/root","OLDPWD":"/data","PHP_LDFLAGS":"-Wl,-O1 -Wl,--hash-style=both -pie","PHP_MD5":"","PHP_CFLAGS":"-fstack-protector-strong -fpic -fpie -O2","PHP_VERSION":"7.2.23","COMPOSER_HOME":"/root/composer","GPG_KEYS":"1729F83938DA44E27BA0F4D3DBDB397470D12172 B1B44D8F021E4E2D6021E995DC9FF8D3EE5AF27F","PHP_ASC_URL":"https://www.php.net/get/php-7.2.23.tar.xz.asc/from/this/mirror","PHP_CPPFLAGS":"-fstack-protector-strong -fpic -fpie -O2","_":"/usr/local/bin/php","PHP_URL":"https://www.php.net/get/php-7.2.23.tar.xz/from/this/mirror","TERM":"xterm","PATH":"/root/composer/vendor/bin:/usr/local/sbin:/usr/local/bin:/usr/sbin:/usr/bin:/sbin:/bin","PWD":"/data/www/dbger","PHPIZE_DEPS":"autoconf \t\tdpkg-dev \t\tfile \t\tg++ \t\tgcc \t\tlibc-dev \t\tmake \t\tpkg-config \t\tre2c","PHP_SHA256":"74e045ec8ff26290db6a3688826dcdf43b87bc509e508e9cb76dab742804ca14","TZ":"Asia/Shanghai","PHP_SELF":"/data/www/dbger/artisan","SCRIPT_NAME":"/data/www/dbger/artisan","SCRIPT_FILENAME":"/data/www/dbger/artisan","PATH_TRANSLATED":"/data/www/dbger/artisan","DOCUMENT_ROOT":"","REQUEST_TIME_FLOAT":1571629497.948034,"REQUEST_TIME":1571629497,"argv":["/data/www/dbger/artisan","laravels","config"],"argc":3,"APP_NAME":"bger","APP_ENV":"local","APP_KEY":"base64:ZtZe1IjRD2Yilbrw26y7Srnq62Z/eD1onIaNSZImdKM=","APP_DEBUG":"true","APP_URL":"http://bger.com","LOG_CHANNEL":"stack","DB_CONNECTION":"mysql","DB_HOST":"182.61.28.243","DB_PORT":"3306","DB_DATABASE":"dbger","DB_USERNAME":"bger","DB_PASSWORD":"xiaobinggev5","BROADCAST_DRIVER":"log","CACHE_DRIVER":"file","SESSION_DRIVER":"file","SESSION_LIFETIME":"120","QUEUE_DRIVER":"sync","REDIS_HOST":"127.0.0.1","REDIS_PASSWORD":"null","REDIS_PORT":"6379","MAIL_DRIVER":"smtp","MAIL_HOST":"smtp.mailtrap.io","MAIL_PORT":"2525","MAIL_USERNAME":"null","MAIL_PASSWORD":"null","MAIL_ENCRYPTION":"null","PUSHER_APP_ID":"","PUSHER_APP_KEY":"","PUSHER_APP_SECRET":"","PUSHER_APP_CLUSTER":"mt1","MIX_PUSHER_APP_KEY":"","MIX_PUSHER_APP_CLUSTER":"mt1","CLIENT_ID":"3","CLIENT_SECRET":"4vPGw1kxVabO5rxaacPox87PDihuUp4qeKXWJlVD","SHELL_VERBOSITY":0},"_ENV":{"APP_NAME":"bger","APP_ENV":"local","APP_KEY":"base64:ZtZe1IjRD2Yilbrw26y7Srnq62Z/eD1onIaNSZImdKM=","APP_DEBUG":"true","APP_URL":"http://bger.com","LOG_CHANNEL":"stack","DB_CONNECTION":"mysql","DB_HOST":"182.61.28.243","DB_PORT":"3306","DB_DATABASE":"dbger","DB_USERNAME":"bger","DB_PASSWORD":"xiaobinggev5","BROADCAST_DRIVER":"log","CACHE_DRIVER":"file","SESSION_DRIVER":"file","SESSION_LIFETIME":"120","QUEUE_DRIVER":"sync","REDIS_HOST":"127.0.0.1","REDIS_PASSWORD":"null","REDIS_PORT":"6379","MAIL_DRIVER":"smtp","MAIL_HOST":"smtp.mailtrap.io","MAIL_PORT":"2525","MAIL_USERNAME":"null","MAIL_PASSWORD":"null","MAIL_ENCRYPTION":"null","PUSHER_APP_ID":"","PUSHER_APP_KEY":"","PUSHER_APP_SECRET":"","PUSHER_APP_CLUSTER":"mt1","MIX_PUSHER_APP_KEY":"","MIX_PUSHER_APP_CLUSTER":"mt1","CLIENT_ID":"3","CLIENT_SECRET":"4vPGw1kxVabO5rxaacPox87PDihuUp4qeKXWJlVD","SHELL_VERBOSITY":0}}}