{"openapi":"3.0.0","info":{"title":"dbger \u9879\u76ee\u63a5\u53e3\u6587\u6863","contact":{"name":"\u5c0f\u5175\u54e5","url":"http:\/\/www.dbger.com","email":"676826479@qq.com"},"version":"1.0"},"servers":[{"url":"http:\/\/bger.com"},{"url":"http:\/\/bger.com\/api"}],"paths":{"\/admin\/loginCenter":{"get":{"tags":["\u767b\u5f55\u63a5\u53e3"],"summary":"\u767b\u5f55\u64cd\u4f5c","description":"\u8fd4\u56de\u767b\u5f55\u4fe1\u606f","operationId":"loginCenter","parameters":[{"name":"username","in":"query","description":"\u7528\u6237\u540d","required":true,"schema":{"type":"string"}},{"name":"password","in":"query","description":"\u767b\u5f55\u5bc6\u7801","required":true,"schema":{"type":"string"}}],"responses":{"200":{"description":"success"}}}},"\/menu\/index":{"get":{"tags":["\u83dc\u5355\u7ba1\u7406"],"summary":"\u83dc\u5355\u5217\u8868","description":"\u8fd4\u56de\u83dc\u5355\u5217\u8868\u4fe1\u606f","operationId":"Menu","parameters":[{"name":"pid","in":"query","description":"\u7236\u7ea7ID","required":false,"schema":{"type":"integer"}},{"name":"page","in":"query","description":"\u9875\u6570","required":false,"schema":{"type":"integer"}},{"name":"limit","in":"query","description":"\u6bcf\u9875\u663e\u793a\u9650\u5236","required":false,"schema":{"type":"integer"}},{"name":"sort","in":"query","description":"id\u6392\u5e8f +id \u6b63\u5e8f -id \u5012\u5e8f","required":false,"schema":{"type":"string"}},{"name":"menu_name","in":"query","description":"\u83dc\u5355\u540d\u79f0","required":false,"schema":{"type":"string"}}],"responses":{"200":{"description":"success"}},"security":[{"api_key_security":[]}]}}},"components":{"securitySchemes":{"api_key_security":{"type":"apiKey","description":"A short description for security scheme","name":"Authorization","in":"header"}}}}